<?xml version="1.0" encoding="UTF-8"?>
<metadata xml:lang="en"><Esri><CreaDate>20251130</CreaDate><CreaTime>12174800</CreaTime><ArcGISFormat>1.0</ArcGISFormat><SyncOnce>TRUE</SyncOnce><DataProperties><lineage><Process ToolSource="C:\My Study\Fall 2025 (2nd)\Fall 2025 (2nd)\5560_GIS\Assignment\Code_Sharing\CensusTool.pyt\StoryCensusTool" Date="20251130" Time="121748">StoryCensusTool "C:\My Study\Fall 2025 (2nd)\Fall 2025 (2nd)\5560_GIS\Assignment\Code_Sharing\Median_income.csv" "C:\My Study\Fall 2025 (2nd)\Fall 2025 (2nd)\5560_GIS\Assignment\Code_Sharing\P504577759-2025-11-2009564883-MapLayer.json" "C:\My Study\Fall 2025 (2nd)\Fall 2025 (2nd)\5560_GIS\Assignment\Code_Sharing\StoryCensusProject.gdb" Geography NAME "Median Income (Percent)" Blues "C:\My Study\Fall 2025 (2nd)\Fall 2025 (2nd)\5560_GIS\Assignment\Code_Sharing\MedianIncome_Graph.png"</Process></lineage></DataProperties></Esri></metadata>
