﻿Geography,Median Income (Percent)
Census Tract 1.01,91.90%
Census Tract 1.02,91.70%
Census Tract 1.03,86.70%
Census Tract 1.04,92%
Census Tract 1.05,72%
Census Tract 10,82.30%
Census Tract 101.01,93%
Census Tract 101.02,96.90%
Census Tract 102,96.30%
Census Tract 103,91.40%
Census Tract 104,93.10%
Census Tract 105,96.30%
Census Tract 106,97.30%
Census Tract 11.01,78.50%
Census Tract 11.02,72.20%
Census Tract 12,45.50%
Census Tract 13.02,86.80%
Census Tract 13.03,74.90%
Census Tract 13.04,68.70%
Census Tract 2,95.40%
Census Tract 3,81.40%
Census Tract 4,90.90%
Census Tract 5,52.50%
Census Tract 6,83.20%
Census Tract 7,66.30%
Census Tract 8,
Census Tract 9,89.60%
